[
    {
        "date": "2018-01-12",
        "zec": 651.18,
        "eth": 1158.29,
        "ltc": 236.88,
        "xmr": 358.62,
        "xrp": 1098.06
    },
    {
        "date": "2018-01-13",
        "zec": 703.76,
        "eth": 1270.47,
        "ltc": 260.58,
        "xmr": 393.04,
        "xrp": 1006.43
    },
    {
        "date": "2018-01-14",
        "zec": 701.85,
        "eth": 1397.48,
        "ltc": 237.29,
        "xmr": 420.34,
        "xrp": 988.49
    },
    {
        "date": "2018-01-15",
        "zec": 671.73,
        "eth": 1365.21,
        "ltc": 232.82,
        "xmr": 396.02,
        "xrp": 937.57
    },
    {
        "date": "2018-01-16",
        "zec": 627.14,
        "eth": 1292.63,
        "ltc": 190.15,
        "xmr": 415.93,
        "xrp": 760.39
    },
    {
        "date": "2018-01-17",
        "zec": 509.27,
        "eth": 1061.34,
        "ltc": 188.33,
        "xmr": 318.93,
        "xrp": 758.29
    },
    {
        "date": "2018-01-18",
        "zec": 497.68,
        "eth": 1016.44,
        "ltc": 186.95,
        "xmr": 320.61,
        "xrp": 800.02
    },
    {
        "date": "2018-01-19",
        "zec": 486.59,
        "eth": 1028.82,
        "ltc": 191.19,
        "xmr": 314.13,
        "xrp": 833.31
    }
]