{"1":{"name":"New listing ***T-Mobile iPhone 6S - 32GB - Space Gray***","shop":"ibest-deal-store","price":"275.03","link":"https://www.ebay.com/itm/T-Mobile-iPhone-6S-32GB-Space-Gray/273034275710?epid=228576554&hash=item3f921c6b7e:g:oxwAAOSwlp1Zzac4"},"2":{"name":"New listing Apple iPhone 6S 16GB Silver 4G LTE GSM Factory Unlocked Smartphone New 874","shop":"mattpalstore","price":"269.99","link":"https://www.ebay.com/itm/Apple-iPhone-6S-16GB-Silver-4G-LTE-GSM-Factory-Unlocked-Smartphone-New-874/173111676707?epid=240464707&hash=item284e428f23:g:b9oAAOSwp-RaY716"},"3":{"name":"NEW OTHER  Apple iPhone 6S (T-Mobile) 16GB / 32GB / 128GB","shop":"tyler-scott-gadget-wholesale","price":"284.99","link":"https://www.ebay.com/itm/NEW-OTHER-Apple-iPhone-6S-T-Mobile-16GB-32GB-128GB/232434351335?hash=item361e2abce7:m:mM831euSkg2YL8q2iOS2a0Q:sc:USPSPriorityMailSmallFlatRateBox!73101!US!-1"},"6":{"name":"Apple iPhone 6s 16GB - Rose Gold (Unlocked) AT&T T-Mobile A1688 GSM","shop":"edwinlion-cellular-phones-and-more","price":"294.99","link":"https://www.ebay.com/itm/Apple-iPhone-6s-16GB-Rose-Gold-Unlocked-AT-T-T-Mobile-A1688-GSM/282754229318?epid=216213647&hash=item41d5772446:g:-IMAAOSwNMVaVYGn"},"9":{"name":"Apple iPhone 6s - 64GB - Space Gray A1633 (Factory UNLOCKED) CDMA / GSM /LTE","shop":"john-6807","price":"319.89","link":"https://www.ebay.com/itm/Apple-iPhone-6s-64GB-Space-Gray-A1633-Factory-UNLOCKED-CDMA-GSM-LTE/263408976968?epid=229250346&hash=item3d54660448:g:6zAAAOSwz7NaV4qj"},"10":{"name":"Apple iPhone 6s - 64GB - Gold (Factory UNLOCKED) A1688 CDMA /GSM LTE","shop":"john-6807","price":"319.95","link":"https://www.ebay.com/itm/Apple-iPhone-6s-64GB-Gold-Factory-UNLOCKED-A1688-CDMA-GSM-LTE/263408751751?epid=237876647&hash=item3d54629487:g:8aAAAOSwJWFaYMij"},"11":{"name":"iPhone 6S 64GB (Factory Unlocked) 4G LTE Smartphone - Space Gray (CDMA + GSM)","shop":"anjcloseouts","price":"322.99","link":"https://www.ebay.com/itm/iPhone-6S-64GB-Factory-Unlocked-4G-LTE-Smartphone-Space-Gray-CDMA-GSM/202067752772?epid=216194854&hash=item2f0c2d3744:g:qRcAAOSwKwVaX7La"},"12":{"name":"Apple iPhone 6S 32GB Space Gray AT&T New Open Box","shop":"itsworthmore","price":"325.0","link":"https://www.ebay.com/itm/Apple-iPhone-6S-32GB-Space-Gray-AT-T-New-Open-Box/282759956605?epid=228576584&hash=item41d5ce887d:g:rNkAAOSw1NFaCh1J"},"13":{"name":"Apple iPhone 6s - 64GB - Space Gray (Unlocked) A1688 (CDMA + GSM)","shop":"cellmania5517","price":"325.95","link":"https://www.ebay.com/itm/Apple-iPhone-6s-64GB-Space-Gray-Unlocked-A1688-CDMA-GSM/322965334284?epid=240458825&hash=item4b323be90c:g:DkAAAOSwvktaV4Y0"},"15":{"name":"Apple iPhone 6s - 64GB - Space Gray Verizon (Unlocked) GSM - Original Box - A-","shop":"squcircuit","price":"334.6","link":"https://www.ebay.com/itm/Apple-iPhone-6s-64GB-Space-Gray-Verizon-Unlocked-GSM-Original-Box-A/182977260803?epid=240458825&hash=item2a9a4b6d03:g:zqUAAOSw83taUUWx:sc:USPSPriorityMailPaddedFlatRateEnvelope!73101!US!-1"},"16":{"name":"Apple iPhone 6s - 64GB - Rose Gold Verizon (Unlocked) A1688 - Original Box A-","shop":"squcircuit","price":"334.6","link":"https://www.ebay.com/itm/Apple-iPhone-6s-64GB-Rose-Gold-Verizon-Unlocked-A1688-Original-Box-A/182977781741?epid=240307031&hash=item2a9a535fed:g:WNwAAOSwLOVaV9A8:sc:USPSPriorityMailPaddedFlatRateEnvelope!73101!US!-1"},"20":{"name":"Apple Iphone 6s Silver Verizon (Unlocked) Gsm 64gb Smartphone","shop":"nationwidecell","price":"349.88","link":"https://www.ebay.com/itm/Apple-Iphone-6s-Silver-Verizon-Unlocked-Gsm-64gb-Smartphone/112744893645?epid=216188516&hash=item1a401e8ccd:g:aN8AAOSwz7NaV~-R"},"21":{"name":"New Apple iPhone 6s 32GB Factory Unlocked GSM Smartphone Gray Gold Rose Gold","shop":"wirelesstradeusa","price":"349.95","link":"https://www.ebay.com/itm/New-Apple-iPhone-6s-32GB-Factory-Unlocked-GSM-Smartphone-Gray-Gold-Rose-Gold/122898852553?hash=item1c9d57aac9:m:m1RmK8IhC1rxO4Sxi_mkyvw"},"23":{"name":"NEW APPLE IPHONE 6S 16GB T-MOBILE SMARTPHONE ROSE GOLD SILVER SPACE GRAY","shop":"directbuywireless","price":"358.99","link":"https://www.ebay.com/itm/NEW-APPLE-IPHONE-6S-16GB-T-MOBILE-SMARTPHONE-ROSE-GOLD-SILVER-SPACE-GRAY/172089096347?hash=item28114f389b:m:m0Y4Daqix5LaOFaKncHCchA"},"24":{"name":"NEW (Not Activated) Apple iPhone 6S 32GB - Space Gray (AT&T/Cricket/H2O)","shop":"aelectronicstradings","price":"379.0","link":"https://www.ebay.com/itm/NEW-Not-Activated-Apple-iPhone-6S-32GB-Space-Gray-AT-T-Cricket-H2O/332511520493?epid=228576584&hash=item4d6b3b26ed:g:jPkAAOSwhzRaUJxV:sc:USPSPriorityMailPaddedFlatRateEnvelope!73101!US!-1"}}